{"camera_matrix": [[1452.4315232085091, 0.0, 335.09869224503575], [0.0, 1643.7715628983824, 224.42468486962488], [0.0, 0.0, 1.0]], "dist_coeff": [[-1.397820957601248, 210.42310638805716, -0.06360634663198297, 0.07603844337951016, -5737.413760915161]]}